<?xml version="1.0" encoding="UTF-8"?>
<extension type="plugin" version="3.0" group="system" method="upgrade">
    <name>PLG_ECC</name>
    <version>3-1</version>
    <creationDate>2013-11-17</creationDate>
    <license>http://www.gnu.org/licenses/gpl-3.0</license>
    <copyright>Copyright 2013 Viktor Vogel. All rights reserved.</copyright>
    <author>Viktor Vogel</author>
    <authoremail>admin@kubik-rubik.de</authoremail>
    <authorurl>http://joomla-extensions.kubik-rubik.de</authorurl>
    <description>PLG_ECC_XML_DESCRIPTION</description>
    <files>
        <filename plugin="easycalccheckplus">easycalccheckplus.php</filename>
        <filename plugin="easycalccheckplus">index.html</filename>
        <folder plugin="easycalccheckplus">bottrap</folder>
        <folder plugin="easycalccheckplus">easycalccheckplus</folder>
        <folder plugin="easycalccheckplus">fields</folder>
    </files>
    <languages folder="language">
        <language tag="en-GB">en-GB/en-GB.plg_system_easycalccheckplus.ini</language>
        <language tag="en-GB">en-GB/en-GB.plg_system_easycalccheckplus.sys.ini</language>
        <language tag="de-DE">de-DE/de-DE.plg_system_easycalccheckplus.ini</language>
        <language tag="de-DE">de-DE/de-DE.plg_system_easycalccheckplus.sys.ini</language>
    </languages>
    <config>
        <fields name="params" addfieldpath="/plugins/system/easycalccheckplus/fields">
            <fieldset name="settings">
                <field type="krdonationcodecheck" />
                <field type="krtitle" name="spacer_internalchecks_output" label="PLG_ECC_SPACER_INTERNALCHECKS_OUTPUT" />
                <field name="type_calc" type="list" default="1" label="PLG_ECC_CALCCHECK" description="PLG_ECC_CALCCHECKDESC">
                    <option value="1">JYES</option>
                    <option value="0">JNO</option>
                </field>
                <field name="operator" type="list" default="2" label="PLG_ECC_OPERATOR" description="PLG_ECC_OPERATORDESC">
                    <option value="0">+</option>
                    <option value="1">-</option>
                    <option value="2">PLG_ECC_RANDOM</option>
                </field>
                <field name="operand" type="list" default="2" label="PLG_ECC_OPERAND" description="PLG_ECC_OPERANDDESC">
                    <option value="2">2</option>
                    <option value="3">3</option>
                </field>
                <field name="negativ" type="list" default="0" label="PLG_ECC_NEGATIV" description="PLG_ECC_NEGATIVDESC">
                    <option value="1">JYES</option>
                    <option value="0">JNO</option>
                </field>
                <field name="converttostring" type="list" default="0" label="PLG_ECC_CONVERT" description="PLG_ECC_CONVERTDESC">
                    <option value="1">JYES</option>
                    <option value="0">JNO</option>
                </field>
                <field name="max_value" type="text" default="20" label="PLG_ECC_MAXIMUMVALUE" description="PLG_ECC_MAXIMUMVALUEDESC" />
                <field name="type_hidden" type="list" default="1" label="PLG_ECC_HIDDENFIELD" description="PLG_ECC_HIDDENFIELDDESC">
                    <option value="1">JYES</option>
                    <option value="0">JNO</option>
                </field>
                <field name="type_time" type="list" default="1" label="PLG_ECC_TIMEHIDDEN" description="PLG_ECC_TIMEHIDDENDESC">
                    <option value="1">JYES</option>
                    <option value="0">JNO</option>
                </field>
                <field name="type_time_sec" type="text" default="5" label="PLG_ECC_TIMEHIDDENSEC" description="PLG_ECC_TIMEHIDDENSECDESC" />
                <field name="question" type="list" default="0" label="PLG_ECC_QUESTION" description="PLG_ECC_QUESTIONDESC">
                    <option value="1">JYES</option>
                    <option value="0">JNO</option>
                </field>
                <field name="question_q" type="text" default="" size="40" label="PLG_ECC_QUESTIONQ" description="PLG_ECC_QUESTIONQDESC" />
                <field name="question_a" type="text" default="" size="40" label="PLG_ECC_QUESTIONA" description="PLG_ECC_QUESTIONADESC" />
                <field type="krtitle" name="spacer_recaptcha" label="PLG_ECC_SPACER_RECAPTCHA" />
                <field name="recaptcha" type="list" default="0" label="PLG_ECC_RECAPTCHA" description="PLG_ECC_RECAPTCHADESC">
                    <option value="1">JYES</option>
                    <option value="0">JNO</option>
                </field>
                <field name="recaptcha_theme" type="list" default="0" label="PLG_ECC_RECAPTCHATHEME" description="PLG_ECC_RECAPTCHATHEMEDESC">
                    <option value="0">Red</option>
                    <option value="1">White</option>
                    <option value="2">Blackglass</option>
                    <option value="3">Clean</option>
                </field>
                <field name="recaptcha_publickey" type="text" default="" size="40" label="PLG_ECC_RECAPTCHAPUBLICKEY" description="PLG_ECC_RECAPTCHAPUBLICKEYDESC" />
                <field name="recaptcha_privatekey" type="text" default="" size="40" label="PLG_ECC_RECAPTCHAPRIVATEKEY" description="PLG_ECC_RECAPTCHAPRIVATEKEYDESC" />
            </fieldset>
            <fieldset name="PLG_ECC_EXTRA">
                <field type="krdonationcodecheck" />
                <field type="krtitle" name="spacer_core" label="PLG_ECC_SPACER_CORE" />
                <field name="user_reg" type="list" default="1" label="PLG_ECC_USERREGISTRATION" description="PLG_ECC_USERREGISTRATIONDESC">
                    <option value="1">JYES</option>
                    <option value="0">JNO</option>
                </field>
                <field name="user_login" type="list" default="1" label="PLG_ECC_USERLOGIN" description="PLG_ECC_USERLOGINDESC">
                    <option value="1">JYES</option>
                    <option value="0">JNO</option>
                </field>
                <field name="user_login_attempts" type="text" default="3" size="10" label="PLG_ECC_USERLOGINATTEMPTS" description="PLG_ECC_USERLOGINATTEMPTSDESC" />
                <field name="contact" type="list" default="1" label="PLG_ECC_CONTACTFORM" description="PLG_ECC_CONTACTFORMDESC">
                    <option value="1">JYES</option>
                    <option value="0">JNO</option>
                </field>
                <field type="krtitle" name="spacer_3rdparty" label="PLG_ECC_SPACER_3RDPARTY" />
                <field name="aicontactsafe" type="list" default="0" label="PLG_ECC_AICONTACTSAFE" description="PLG_ECC_AICONTACTSAFEDESC">
                    <option value="1">JYES</option>
                    <option value="0">JNO</option>
                </field>
                <field name="alfcontact" type="list" default="0" label="PLG_ECC_ALFCONTACT" description="PLG_ECC_ALFCONTACTDESC">
                    <option value="1">JYES</option>
                    <option value="0">JNO</option>
                </field>
                <field name="communitybuilder" type="list" default="0" label="PLG_ECC_COMMUNITYBUILDER" description="PLG_ECC_COMMUNITYBUILDERDESC">
                    <option value="1">JYES</option>
                    <option value="0">JNO</option>
                </field>
                <field name="dfcontact" type="list" default="0" label="PLG_ECC_DFCONTACT" description="PLG_ECC_DFCONTACTDESC">
                    <option value="1">JYES</option>
                    <option value="0">JNO</option>
                </field>
                <field name="easybookreloaded" type="list" default="0" label="PLG_ECC_EASYBOOKRELOADED" description="PLG_ECC_EASYBOOKRELOADEDDESC">
                    <option value="1">JYES</option>
                    <option value="0">JNO</option>
                </field>
                <field name="foxcontact" type="list" default="0" label="PLG_ECC_FOXCONTACT" description="PLG_ECC_FOXCONTACTDESC">
                    <option value="1">JYES</option>
                    <option value="0">JNO</option>
                </field>
                <field name="flexicontact" type="list" default="0" label="PLG_ECC_FLEXICONTACT" description="PLG_ECC_FLEXICONTACTDESC">
                    <option value="1">JYES</option>
                    <option value="0">JNO</option>
                </field>
                <field name="flexicontactplus" type="list" default="0" label="PLG_ECC_FLEXICONTACTPLUS" description="PLG_ECC_FLEXICONTACTPLUSDESC">
                    <option value="1">JYES</option>
                    <option value="0">JNO</option>
                </field>
                <field name="jomsocial" type="list" default="0" label="PLG_ECC_JOMSOCIAL" description="PLG_ECC_JOMSOCIALDESC">
                    <option value="1">JYES</option>
                    <option value="0">JNO</option>
                </field>
                <field name="kunena" type="list" default="0" label="PLG_ECC_KUNENA" description="PLG_ECC_KUNENADESC">
                    <option value="1">JYES</option>
                    <option value="0">JNO</option>
                </field>
                <field name="phocaguestbook" type="list" default="0" label="PLG_ECC_PHOCAGUESTBOOK" description="PLG_ECC_PHOCAGUESTBOOKDESC">
                    <option value="1">JYES</option>
                    <option value="0">JNO</option>
                </field>
                <field name="virtuemart" type="list" default="0" label="PLG_ECC_VIRTUEMART" description="PLG_ECC_VIRTUEMARTDESC">
                    <option value="1">JYES</option>
                    <option value="0">JNO</option>
                </field>
                <field type="krtitle" name="spacer_output" label="PLG_ECC_SPACER_OUTPUT" />
                <field name="autofill_values" type="list" default="1" label="PLG_ECC_KEEPVALUES" description="PLG_ECC_KEEPVALUESDESC">
                    <option value="1">JYES</option>
                    <option value="0">JNO</option>
                </field>
                <field name="warn_ref" type="list" default="0" label="PLG_ECC_WARNINGREFERENCE" description="PLG_ECC_WARNINGREFERENCEDESC">
                    <option value="1">JYES</option>
                    <option value="0">JNO</option>
                </field>
                <field name="encode" type="list" default="1" label="PLG_ECC_ENCODE" description="PLG_ECC_ENCODEDESC">
                    <option value="1">JYES</option>
                    <option value="0">JNO</option>
                </field>
                <field name="onlyguests" type="list" default="1" label="PLG_ECC_ONLYGUESTS" description="PLG_ECC_ONLYGUESTSDESC">
                    <option value="1">JYES</option>
                    <option value="0">JNO</option>
                </field>
                <field name="poweredby" type="list" default="1" label="PLG_ECC_POWEREDBY" description="PLG_ECC_POWEREDBYDESC">
                    <option value="1">JYES</option>
                    <option value="0">JNO</option>
                </field>
                <field name="string_alternative" type="textarea" default="" filter="raw" label="PLG_ECC_STRINGALTERNATIVE" description="PLG_ECC_STRINGALTERNATIVEDESC" rows="3" cols="25" />
                <field name="custom_call" type="list" default="0" label="PLG_ECC_CUSTOMCALL" description="PLG_ECC_CUSTOMCALLDESC">
                    <option value="1">JYES</option>
                    <option value="0">JNO</option>
                </field>
                <field type="krtitle" name="spacer_backend" label="PLG_ECC_SPACER_BACKEND" />
                <field name="backendprotection" type="list" default="0" label="PLG_ECC_BACKENDPROTECTION" description="PLG_ECC_BACKENDPROTECTIONDESC">
                    <option value="1">JYES</option>
                    <option value="0">JNO</option>
                </field>
                <field name="token" type="text" default="" label="PLG_ECC_TOKEN" description="PLG_ECC_TOKENDESC" />
                <field name="urlfalsetoken" type="text" default="" size="40" label="PLG_ECC_URLFALSETOKEN" description="PLG_ECC_URLFALSETOKENDESC" />
                <field type="krtitle" name="spacer_internalchecks" label="PLG_ECC_SPACER_INTERNALCHECKS" />
                <field name="sqlinjection-lfi" type="list" default="0" label="PLG_ECC_SQLINJECTIONANDLOCALFILEINCLUSION" description="PLG_ECC_SQLINJECTIONANDLOCALFILEINCLUSIONDESC">
                    <option value="1">JYES</option>
                    <option value="0">JNO</option>
                </field>
            </fieldset>
            <fieldset name="PLG_ECC_ANTISPAMSERVICES">
                <field type="krdonationcodecheck" />
                <field type="krtitle" name="spacer_antispam_noregistration" label="PLG_ECC_SPACER_ANTISPAM_NOREGISTRATION" />
                <field name="stopforumspam" type="list" default="0" label="PLG_ECC_STOPFORUMSPAM" description="PLG_ECC_STOPFORUMSPAMDESC">
                    <option value="1">JYES</option>
                    <option value="0">JNO</option>
                </field>
                <field type="krtitle" name="spacer_antispam_freeregistration" label="PLG_ECC_SPACER_ANTISPAM_FREEREGISTRATION" />
                <field name="honeypot" type="list" default="0" label="PLG_ECC_HONEYPOT" description="PLG_ECC_HONEYPOTDESC">
                    <option value="1">JYES</option>
                    <option value="0">JNO</option>
                </field>
                <field name="honeypot_key" type="text" default="" label="PLG_ECC_HONEYPOTKEY" description="PLG_ECC_HONEYPOTKEYDESC" />
                <field name="akismet" type="list" default="0" label="PLG_ECC_AKISMET" description="PLG_ECC_AKISMETDESC">
                    <option value="1">JYES</option>
                    <option value="0">JNO</option>
                </field>
                <field name="akismet_key" type="text" default="" label="PLG_ECC_AKISMETKEY" description="PLG_ECC_AKISMETKEYDESC" />
                <field name="mollom" type="list" default="0" label="PLG_ECC_MOLLOM" description="PLG_ECC_MOLLOMDESC">
                    <option value="1">JYES</option>
                    <option value="0">JNO</option>
                </field>
                <field name="mollom_publickey" type="text" default="" size="40" label="PLG_ECC_MOLLOMPUBLICKEY" description="PLG_ECC_MOLLOMPUBLICKEYDESC" />
                <field name="mollom_privatekey" type="text" default="" size="40" label="PLG_ECC_MOLLOMPRIVATEKEY" description="PLG_ECC_MOLLOMPRIVATEKEYDESC" />
                <field name="botscout" type="list" default="0" label="PLG_ECC_BOTSCOUT" description="PLG_ECC_BOTSCOUTDESC">
                    <option value="1">JYES</option>
                    <option value="0">JNO</option>
                </field>
                <field name="botscout_key" type="text" default="" label="PLG_ECC_BOTSCOUTKEY" description="PLG_ECC_BOTSCOUTKEYDESC" />
                <field type="krtitle" name="spacer_antispam_bottrap" label="PLG_ECC_SPACER_ANTISPAM_BOTTRAPDEFAULT" />
                <field name="bottrap" type="list" default="0" label="PLG_ECC_BOTTRAP" description="PLG_ECC_BOTTRAPDESC">
                    <option value="1">JYES</option>
                    <option value="0">JNO</option>
                </field>
                <field name="btWhitelistIP" type="textarea" default="" label="PLG_ECC_BTWHITELISTIP" description="PLG_ECC_BTWHITELISTIPDESC" rows="3" cols="25" />
                <field name="btWhitelistIPRange" type="textarea" default="" label="PLG_ECC_BTWHITELISTIPRANGE" description="PLG_ECC_BTWHITELISTIPRANGEDESC" rows="3" cols="25" />
                <field name="btWhitelistUA" type="textarea" default="" label="PLG_ECC_BTWHITELISTUA" description="PLG_ECC_BTWHITELISTUADESC" rows="3" cols="25" />
                <field name="btBlacklistIP" type="textarea" default="" label="PLG_ECC_BTBLACKLISTIP" description="PLG_ECC_BTBLACKLISTIPDESC" rows="3" cols="25" />
                <field name="btBlacklistIPRange" type="textarea" default="" label="PLG_ECC_BTBLACKLISTIPRANGE" description="PLG_ECC_BTBLACKLISTIPRANGEDESC" rows="3" cols="25" />
                <field name="btBlacklistUA" type="textarea" default="" label="PLG_ECC_BTBLACKLISTUA" description="PLG_ECC_BTBLACKLISTUADESC" rows="3" cols="25" />
            </fieldset>
            <fieldset name="donation">
                <field type="krdonationcodecheck" />
                <field name="donation_code" type="text" default="" size="40" label="KR_DONATION_CODE" description="KR_DONATION_CODEDESC" />
            </fieldset>
            <fieldset name="versioncheck">
                <field type="krdonationcodecheck" />
                <field type="krversioncheck" name="krversioncheck" default="ecc|3-1" />
                <field name="versioncheck_enable" type="list" default="1" label="KR_VERSION_CHECK" description="KR_VERSION_CHECKDESC">
                    <option value="1">KR_VERSION_CHECK_ONCESESSION</option>
                    <option value="2">KR_VERSION_CHECK_ONEVERYLOAD</option>
                    <option value="0">JNO</option>
                </field>
            </fieldset>
        </fields>
    </config>
</extension>